pl_name,pl_rade,pl_bmasse,pl_orbper,pl_orbsmax,pl_insol,discoverymethod,hostname
Kepler-6 b,13.31600225,,3.23469439654,,843.7112,Transit,Kepler-6
Kepler-6 b,13.103321,205.63601,3.2346994,0.04448,,Transit,Kepler-6
Kepler-6 b,14.616536,212.31044,3.2346996,0.04852,,Transit,Kepler-6
Kepler-6 b,11.07,,3.23469955,0.045,,Transit,Kepler-6
Kepler-6 b,13.41,,3.234699312,0.0435,797.62,Transit,Kepler-6
Kepler-6 b,13.41,,3.234699312,0.0435,797.62,Transit,Kepler-6
Kepler-6 b,13.101,,3.234699312,0.04408,753.0,Transit,Kepler-6
Kepler-6 b,,,3.234699282,,,Transit,Kepler-6
Kepler-6 b,12.902,,,,792.218,Transit,Kepler-6
Kepler-6 b,,,3.234699,,,Transit,Kepler-6
Kepler-6 b,,,3.2346993953,,,Transit,Kepler-6
Kepler-6 b,13.41,,3.234699312,0.0435,797.62,Transit,Kepler-6
Kepler-6 b,13.103321,201.18639,3.234702,0.04438,,Transit,Kepler-6
Kepler-6 b,14.83,212.619,3.234723,0.04567,,Transit,Kepler-6
Kepler-6 b,,,3.23469918,,,Transit,Kepler-6
Kepler-6 b,13.06,,3.234699282,0.0435,797.62,Transit,Kepler-6
Kepler-6 b,,,3.2346993,,,Transit,Kepler-6
Kepler-6 b,13.38,,3.234699312,,,Transit,Kepler-6
Kepler-491 b,8.547,,4.225384512,0.05191,300.1,Transit,Kepler-491
Kepler-491 b,,,4.2253841112,,,Transit,Kepler-491
Kepler-491 b,9.16,,4.225384512,0.0524,369.43,Transit,Kepler-491
Kepler-491 b,9.0,,4.225384543,0.0516,360.46,Transit,Kepler-491
Kepler-491 b,8.88931966,,4.22534982536,,342.3014,Transit,Kepler-491
Kepler-491 b,9.16,,4.225384512,0.0524,369.43,Transit,Kepler-491
Kepler-491 b,8.92,,4.225384512,,,Transit,Kepler-491
Kepler-491 b,8.523,,,,312.514,Transit,Kepler-491
Kepler-491 b,9.16,,4.225384512,0.0524,369.43,Transit,Kepler-491
Kepler-491 b,,,4.225384543,,,Transit,Kepler-491
Kepler-491 b,10.0,,4.2253846,0.052,,Transit,Kepler-491
Kepler-257 b,2.67,,2.382652169,0.0333,553.53,Transit,Kepler-257
Kepler-257 b,2.0,,2.382666,0.032,,Transit,Kepler-257
Kepler-257 b,2.74,,2.382652873,0.0333,553.53,Transit,Kepler-257
Kepler-257 b,2.22,,2.382652169,,,Transit,Kepler-257
Kepler-257 b,2.67,,2.382652169,0.0333,553.53,Transit,Kepler-257
Kepler-257 b,,,2.382652873,,,Transit,Kepler-257
Kepler-257 b,2.201,,2.382652169,0.03391,343.6,Transit,Kepler-257
Kepler-257 b,,,2.38265264,,,Transit,Kepler-257
Kepler-257 b,2.61,,2.382667,0.034,,Transit,Kepler-257
Kepler-257 b,,,2.3826432093,,,Transit,Kepler-257
Kepler-257 b,2.67,,2.382652169,0.0333,553.53,Transit,Kepler-257
Kepler-216 b,2.23,,7.69364042,,,Transit,Kepler-216
Kepler-216 b,,,7.69362068,,,Transit,Kepler-216
Kepler-216 b,2.35,,7.693641,0.079,,Transit,Kepler-216
Kepler-216 b,2.765,,,,540.034,Transit,Kepler-216
Kepler-216 b,2.12,,7.69363627,0.0767,308.61,Transit,Kepler-216
Kepler-216 b,1.91,,7.69364042,0.0785,239.66,Transit,Kepler-216
Kepler-216 b,1.91,,7.69364042,0.0785,239.66,Transit,Kepler-216
Kepler-216 b,,,7.69363627,,,Transit,Kepler-216
Kepler-216 b,2.867,,7.69364042,0.0794,476.0,Transit,Kepler-216
Kepler-216 b,1.96,,7.693491,0.079,,Transit,Kepler-216
Kepler-216 b,,,7.6935719644,,,Transit,Kepler-216
Kepler-216 b,1.91,,7.69364042,0.0785,239.66,Transit,Kepler-216
Kepler-32 c,2.11,,8.75,,,Transit,Kepler-32
Kepler-32 c,2.08,,8.75245953,0.06699,,Transit,Kepler-32
Kepler-32 c,2.2,,8.75210645,0.0669,9.65,Transit,Kepler-32
Kepler-32 c,2.0,,8.7522,0.067,,Transit,Kepler-32
Kepler-32 c,2.112,,,,12.993,Transit,Kepler-32
Kepler-32 c,2.021,,,,10.692,Transit,Kepler-32
Kepler-32 c,1.94,,8.752,,10.68,Transit,Kepler-32
Kepler-32 c,,,8.75209691,,,Transit,Kepler-32
Kepler-32 c,1.83,,8.75209691,0.0664,9.76,Transit,Kepler-32
Kepler-32 c,2.02,7.7,8.752,,,Transit,Kepler-32
Kepler-32 c,2.0,158.9,8.7522,0.09,,Transit,Kepler-32
Kepler-32 c,2.37,,8.75210645,,,Transit,Kepler-32
Kepler-32 c,1.98,,8.75208025,,9.7,Transit,Kepler-32
Kepler-32 c,,1.05,8.752097,,,Transit,Kepler-32
Kepler-32 c,2.2,,8.75210645,0.0669,9.65,Transit,Kepler-32
Kepler-32 c,,1.29837,8.752097,,,Transit,Kepler-32
Kepler-32 c,2.2,,8.75210645,0.0669,9.65,Transit,Kepler-32
Kepler-32 c,,,8.75208271,,,Transit,Kepler-32
Kepler-32 c,1.99,,8.752167,0.068,,Transit,Kepler-32
Kepler-259 c,2.71,,36.9249531,0.2155,18.7,Transit,Kepler-259
Kepler-259 c,2.76,,36.9249531,,,Transit,Kepler-259
Kepler-259 c,,,36.92515874,,,Transit,Kepler-259
Kepler-259 c,3.1,,36.92564,0.218,,Transit,Kepler-259
Kepler-259 c,2.7,,36.924931,0.217,,Transit,Kepler-259
Kepler-259 c,2.71,,36.9249531,0.2155,18.7,Transit,Kepler-259
Kepler-259 c,,,36.9250409,,,Transit,Kepler-259
Kepler-259 c,,,36.9251496583,,,Transit,Kepler-259
Kepler-259 c,3.12,,,,15.054,Transit,Kepler-259
Kepler-259 c,3.01,,36.9250409,0.2155,18.7,Transit,Kepler-259
Kepler-259 c,2.741,,36.9249531,0.20699,15.5,Transit,Kepler-259
Kepler-259 c,2.71,,36.9249531,0.2155,18.7,Transit,Kepler-259
Kepler-148 c,3.55,,4.180049552,0.049,202.06,Transit,Kepler-148
Kepler-148 c,,,4.18004979,,,Transit,Kepler-148
Kepler-148 c,3.6,,4.180043,0.05,,Transit,Kepler-148
Kepler-148 c,3.46,,4.180049552,,,Transit,Kepler-148
Kepler-148 c,3.1,,4.1800659,0.047,,Transit,Kepler-148
Kepler-148 c,,,4.180048081,,,Transit,Kepler-148
Kepler-148 c,,,4.1801057008,,,Transit,Kepler-148
Kepler-148 c,3.55,,4.180049552,0.049,202.06,Transit,Kepler-148
Kepler-148 c,3.55,,4.180049552,0.049,202.06,Transit,Kepler-148
Kepler-148 c,3.44,,4.180048081,0.0487,197.81,Transit,Kepler-148
Kepler-148 c,3.339,,,,187.197,Transit,Kepler-148
Kepler-222 d,3.75,,28.08194365,0.1777,17.52,Transit,Kepler-222
Kepler-222 d,3.563,,28.08194365,0.17673,14.7,Transit,Kepler-222
Kepler-222 d,3.63,,28.08185982,0.1777,17.52,Transit,Kepler-222
Kepler-222 d,,,28.08196251,,,Transit,Kepler-222
Kepler-222 d,,,28.08185982,,,Transit,Kepler-222
Kepler-222 d,3.3,,28.08209,0.172,,Transit,Kepler-222
Kepler-222 d,3.75,,28.08194365,0.1777,17.52,Transit,Kepler-222
Kepler-222 d,3.69,,28.081912,0.18,,Transit,Kepler-222
Kepler-222 d,3.513,,,,15.087,Transit,Kepler-222
Kepler-222 d,3.75,,28.08194365,0.1777,17.52,Transit,Kepler-222
Kepler-222 d,3.74,,28.08194365,,,Transit,Kepler-222
Kepler-222 d,,,28.0819359545,,,Transit,Kepler-222
Kepler-29 c,3.14,4.0,13.2884,,69.0,Transit,Kepler-29
Kepler-29 c,2.78,,13.28689997,0.1087,61.8,Transit,Kepler-29
Kepler-29 c,,,13.28689997,,,Transit,Kepler-29
Kepler-29 c,1226.4,,13.28689074,0.1088,61.37,Transit,Kepler-29
Kepler-29 c,,,13.28706214,,,Transit,Kepler-29
Kepler-29 c,1023.268,,13.28689074,0.10027,39.9,Transit,Kepler-29
Kepler-29 c,2.9,95.3,13.2907,0.11,,Transit,Kepler-29
Kepler-29 c,1226.4,,13.28689074,0.1088,61.37,Transit,Kepler-29
Kepler-29 c,3.5,,13.28992,0.111,,Transit,Kepler-29
Kepler-29 c,2.39,,,,35.524,Transit,Kepler-29
Kepler-29 c,,,13.28689074,,,Transit,Kepler-29
Kepler-29 c,1226.4,,13.28689074,0.1088,61.37,Transit,Kepler-29
Kepler-29 c,2.34,4.5,13.28613,,34.4,Transit,Kepler-29
Kepler-179 b,1.8,,2.735903375,,,Transit,Kepler-179
Kepler-179 b,1.58,,2.735903375,0.0361,312.39,Transit,Kepler-179
Kepler-179 b,1.7,,2.73589,0.036,,Transit,Kepler-179
Kepler-179 b,1.64,,2.735926,0.036,,Transit,Kepler-179
Kepler-179 b,1.58,,2.735903375,0.0361,312.39,Transit,Kepler-179
Kepler-179 b,,,2.735900074,,,Transit,Kepler-179
Kepler-179 b,1.694,,,,360.262,Transit,Kepler-179
Kepler-179 b,1.708,,2.735903375,0.03688,338.9,Transit,Kepler-179
Kepler-179 b,1.58,,2.735903375,0.0361,312.39,Transit,Kepler-179
Kepler-179 b,1.56,,2.735900074,0.0362,315.95,Transit,Kepler-179
Kepler-179 b,,,2.73589728,,,Transit,Kepler-179
Kepler-179 b,,,2.7359103947,,,Transit,Kepler-179
Kepler-165 c,2.49,,15.31307,0.112,,Transit,Kepler-165
Kepler-165 c,2.24,,15.31297659,0.1088,31.71,Transit,Kepler-165
Kepler-165 c,2.23,,15.31299,0.11,,Transit,Kepler-165
Kepler-165 c,,,15.3128980768,,,Transit,Kepler-165
Kepler-165 c,2.277,,,,25.931,Transit,Kepler-165
Kepler-165 c,2.24,,15.31297659,0.1088,31.71,Transit,Kepler-165
Kepler-165 c,2.24,,15.31297659,0.1088,31.71,Transit,Kepler-165
Kepler-165 c,2.34,,15.31296388,0.1145,26.98,Transit,Kepler-165
Kepler-165 c,2.186,,15.31297659,0.1095,27.6,Transit,Kepler-165
Kepler-165 c,,,15.31296388,,,Transit,Kepler-165
Kepler-165 c,2.25,,15.31297659,,,Transit,Kepler-165
Kepler-165 c,,,15.312909,,,Transit,Kepler-165
Kepler-228 c,2.84,,4.13443005,,,Transit,Kepler-228
Kepler-228 c,2.8,,4.134403,0.051,,Transit,Kepler-228
Kepler-228 c,,,4.1344785877,,,Transit,Kepler-228
Kepler-228 c,2.77,,4.13443512,0.0514,427.65,Transit,Kepler-228
Kepler-228 c,3.423,,4.13443005,0.05053,439.9,Transit,Kepler-228
Kepler-228 c,,,4.13443512,,,Transit,Kepler-228
Kepler-228 c,,,4.13442899,,,Transit,Kepler-228
Kepler-228 c,2.7,,4.134444,0.052,,Transit,Kepler-228
Kepler-228 c,3.02,,4.13443005,0.0514,427.65,Transit,Kepler-228
Kepler-228 c,3.02,,4.13443005,0.0514,427.65,Transit,Kepler-228
Kepler-228 c,3.02,,4.13443005,0.0514,427.65,Transit,Kepler-228
Kepler-228 c,3.268,,,,457.318,Transit,Kepler-228
Kepler-20 c,3.03,,10.854097835,0.0919,80.88,Transit,Kepler-20
Kepler-20 c,,,10.8540774435,,,Transit,Kepler-20
Kepler-20 c,,,10.8541002,,,Transit,Kepler-20
Kepler-20 c,3.04,,10.854097835,,,Transit,Kepler-20
Kepler-20 c,3.17,,10.8540894,0.093,,Transit,Kepler-20
Kepler-20 c,2.868,,,,77.023,Transit,Kepler-20
Kepler-20 c,,,10.854095934,,,Transit,Kepler-20
Kepler-20 c,3.03,,10.854097835,0.0919,80.88,Transit,Kepler-20
Kepler-20 c,2.88,,10.854097835,0.09408,72.2,Transit,Kepler-20
Kepler-20 c,2.99,,10.854095934,0.0919,80.88,Transit,Kepler-20
Kepler-20 c,3.07,16.1,10.854092,0.093,,Transit,Kepler-20
Kepler-20 c,2.88,13.55003079,10.85409784,0.0940486658,,Transit,Kepler-20
Kepler-20 c,2.894,11.1,10.8540774,0.0936,78.7,Transit,Kepler-20
Kepler-20 c,3.047,12.75,10.85409089,0.0949,,Transit,Kepler-20
Kepler-20 c,3.03,,10.854097835,0.0919,80.88,Transit,Kepler-20
Kepler-166 d,,,1.55400389,,,Transit,Kepler-166
Kepler-166 d,,,1.5539980591,,,Transit,Kepler-166
Kepler-166 d,1.58,,1.554003928,0.0246,731.43,Transit,Kepler-166
Kepler-166 d,1.73,,1.554003928,,,Transit,Kepler-166
Kepler-166 d,1.59,,1.55400389,0.0246,704.5,Transit,Kepler-166
Kepler-166 d,1.667,,,,651.409,Transit,Kepler-166
Kepler-166 d,1.58,,1.554003928,0.0246,731.43,Transit,Kepler-166
Kepler-166 d,1.7,,1.554001,0.025,,Transit,Kepler-166
Kepler-166 d,,,1.55400192,,,Transit,Kepler-166
Kepler-166 d,1.58,,1.554003928,0.0246,731.43,Transit,Kepler-166
Kepler-166 d,1.602,,1.554003928,0.02449,637.4,Transit,Kepler-166
Kepler-52 b,2.21,,7.877356,0.065,,Transit,Kepler-52
Kepler-52 b,2.52,79.6,7.877,,,Transit,Kepler-52
Kepler-52 b,2.7,,7.87740709,,,Transit,Kepler-52
Kepler-52 b,2.33,,7.87740709,0.0639,14.76,Transit,Kepler-52
Kepler-52 b,2.16,,7.8774163,0.0665,22.18,Transit,Kepler-52
Kepler-52 b,2.516,,,,22.221,Transit,Kepler-52
Kepler-52 b,,,7.87742645,,,Transit,Kepler-52
Kepler-52 b,2.29,,7.88,,,Transit,Kepler-52
Kepler-52 b,,,7.8774163,,,Transit,Kepler-52
Kepler-52 b,2.4,,7.88,,,Transit,Kepler-52
Kepler-52 b,2.176,,,,22.72,Transit,Kepler-52
Kepler-52 b,2.33,,7.87740709,0.0639,14.76,Transit,Kepler-52
Kepler-52 b,2.1,135.0,7.8773565,,,Transit,Kepler-52
Kepler-52 b,1.93,,7.87761021,0.0637,,Transit,Kepler-52
Kepler-52 b,2.33,,7.87740709,0.0639,14.76,Transit,Kepler-52
Kepler-52 b,,6.27,7.877416,,,Transit,Kepler-52
Kepler-197 d,1.42,,15.67750191,0.1185,101.79,Transit,Kepler-197
Kepler-197 d,,,15.67750191,,,Transit,Kepler-197
Kepler-197 d,,,15.677,,,Transit,Kepler-197
Kepler-197 d,1.22,,15.677563,0.119,,Transit,Kepler-197
Kepler-197 d,1.15,,15.67756112,0.1194,102.33,Transit,Kepler-197
Kepler-197 d,1.15,,15.67756112,,,Transit,Kepler-197
Kepler-197 d,,,15.677546605,,,Transit,Kepler-197
Kepler-197 d,1.244,,15.67787,,,Transit,Kepler-197
Kepler-197 d,1.191,,15.67756112,0.11646,111.9,Transit,Kepler-197
Kepler-197 d,1.191,,15.67756112,0.116444539,,Transit,Kepler-197
Kepler-197 d,1.15,,15.67756112,0.1194,102.33,Transit,Kepler-197
Kepler-197 d,1.36,,15.67757,0.117,,Transit,Kepler-197
Kepler-197 d,,,15.67770919,,,Transit,Kepler-197
Kepler-197 d,1.15,,15.67756112,0.1194,102.33,Transit,Kepler-197
Kepler-197 d,1.5,,,,109.091,Transit,Kepler-197
K2-183 d,17.4,,22.634594,,,Transit,K2-183
K2-183 d,2.54112738,,22.629496,,,Transit,K2-183
K2-183 d,2.3,,22.620344,,,Transit,K2-183
K2-183 d,2.86,,22.631964,0.1527,,Transit,K2-183
K2-183 d,5.2,,22.6302,,,Transit,K2-183
K2-187 e,2.5,,13.608511,,,Transit,K2-187
K2-187 e,2.25541631,,13.608341,,,Transit,K2-187
K2-187 e,1.9,,13.606629,,,Transit,K2-187
K2-187 e,2.38,,13.609878,0.1106,,Transit,K2-187
K2-187 e,2.69,,13.60496,,,Transit,K2-187
K2-187 c,1.8,,2.872042,0.0392,,Transit,K2-187
K2-187 c,1.8,,2.871348,,,Transit,K2-187
K2-187 c,1.4,,2.871512,,,Transit,K2-187
K2-187 c,1.9,,2.87162,,,Transit,K2-187
K2-187 c,1.70058746,,2.871788,,,Transit,K2-187
K2-270 b,1.38,,1.543069,0.0247,,Transit,K2-270
K2-270 b,1.5,,1.543041,,,Transit,K2-270
K2-270 b,1.3,,1.543452,,,Transit,K2-270
Kepler-184 d,2.497,,,,18.557,Transit,Kepler-184
Kepler-184 d,2.8,,29.02277,0.183,,Transit,Kepler-184
Kepler-184 d,2.53,,29.02235261,0.1765,23.76,Transit,Kepler-184
Kepler-184 d,2.8,,29.02235261,,,Transit,Kepler-184
Kepler-184 d,,,29.02231937,,,Transit,Kepler-184
Kepler-184 d,,,29.0225230457,,,Transit,Kepler-184
Kepler-184 d,2.49,,29.022358,0.179,,Transit,Kepler-184
Kepler-184 d,2.416,,29.02235261,0.17668,18.1,Transit,Kepler-184
Kepler-184 d,,,29.02235217,,,Transit,Kepler-184
Kepler-184 d,2.55,,29.02235217,0.177,23.06,Transit,Kepler-184
Kepler-184 d,,,29.023,,,Transit,Kepler-184
Kepler-184 d,2.53,,29.02235261,0.1765,23.76,Transit,Kepler-184
Kepler-184 d,2.53,,29.02235261,0.1765,23.76,Transit,Kepler-184
Kepler-257 d,5.34,,24.66461416,0.1582,24.53,Transit,Kepler-257
Kepler-257 d,4.95,,24.664551,0.16,,Transit,Kepler-257
Kepler-257 d,4.664,,24.66459711,0.16109,15.2,Transit,Kepler-257
Kepler-257 d,5.67,,24.66459711,0.1582,24.53,Transit,Kepler-257
Kepler-257 d,5.67,,24.66459711,0.1582,24.53,Transit,Kepler-257
Kepler-257 d,4.69,,24.66459711,,,Transit,Kepler-257
Kepler-257 d,5.67,,24.66459711,0.1582,24.53,Transit,Kepler-257
Kepler-257 d,,,24.6643939784,,,Transit,Kepler-257
Kepler-257 d,,,24.66454505,,,Transit,Kepler-257
Kepler-257 d,4.2,,24.66454,0.15,,Transit,Kepler-257
Kepler-257 d,,,24.66461416,,,Transit,Kepler-257
K2-280 b,8.01,,19.89531,,,Transit,K2-280
K2-280 b,7.67,,19.895202,0.1488,,Transit,K2-280
K2-280 b,8.5,,19.895268,,,Transit,K2-280
K2-280 b,7.46,49.0,19.895,,69.5,Transit,K2-280
K2-280 b,5.55493874,,19.894641,,,Transit,K2-280
K2-280 b,7.5,37.1,19.89526,0.1461,,Transit,K2-280
K2-381 c,,,16.0382,,,Transit,K2-381
K2-381 c,2.05816745,,16.035054,,,Transit,K2-381
K2-381 c,2.0,,16.034656,,,Transit,K2-381
K2-381 c,2.0,,16.038474,,,Transit,K2-381
K2-381 c,2.05,,16.0343,,,Transit,K2-381
Kepler-222 c,,,10.0887989503,,,Transit,Kepler-222
Kepler-222 c,4.64,,10.08881,0.091,,Transit,Kepler-222
Kepler-222 c,,,10.08880336,,,Transit,Kepler-222
Kepler-222 c,4.576,,10.088796973,0.08931,57.5,Transit,Kepler-222
Kepler-222 c,4.71,,10.08881066,0.0898,68.62,Transit,Kepler-222
Kepler-222 c,4.81,,10.088796973,0.0898,68.62,Transit,Kepler-222
Kepler-222 c,4.81,,10.088796973,0.0898,68.62,Transit,Kepler-222
Kepler-222 c,4.555,,,,59.076,Transit,Kepler-222
Kepler-222 c,4.81,,10.088796973,0.0898,68.62,Transit,Kepler-222
Kepler-222 c,4.75,,10.088796973,,,Transit,Kepler-222
Kepler-222 c,4.4,,10.088813,0.087,,Transit,Kepler-222
Kepler-222 c,,,10.08881066,,,Transit,Kepler-222
HATS-36 b,13.843115,1022.14128,4.1752387,0.05425,561.0,Transit,HATS-36
HATS-36 b,12.92,,4.175186,0.0523,,Transit,HATS-36
HATS-36 b,12.77,,4.175235,,,Transit,HATS-36
HATS-36 b,13.4,,4.175187,,,Transit,HATS-36
HATS-36 b,13.70940899,,4.17471430219,,466.8809,Transit,HATS-36
Kepler-229 b,2.49,,6.252964898,,,Transit,Kepler-229
Kepler-229 b,2.288,,6.252964898,0.0619,72.9,Transit,Kepler-229
Kepler-229 b,2.245,,,,76.217,Transit,Kepler-229
Kepler-229 b,2.2,,6.252972,0.062,,Transit,Kepler-229
Kepler-229 b,2.1,,6.252948,0.062,,Transit,Kepler-229
Kepler-229 b,2.41,,6.252964898,0.0621,88.22,Transit,Kepler-229
Kepler-229 b,,,6.252962249,,,Transit,Kepler-229
Kepler-229 b,2.65,,6.252962249,0.0617,108.3,Transit,Kepler-229
Kepler-229 b,,,6.25298062,,,Transit,Kepler-229
Kepler-229 b,2.41,,6.252964898,0.0621,88.22,Transit,Kepler-229
Kepler-229 b,,,6.2530154942,,,Transit,Kepler-229
Kepler-229 b,2.41,,6.252964898,0.0621,88.22,Transit,Kepler-229
K2-222 b,2.39,,15.387063,0.1211,,Transit,K2-222
K2-222 b,2.53826377,,15.3886606556,,87.1069,Transit,K2-222
K2-222 b,2.41,5.7,15.3863,,98.0,Transit,K2-222
K2-222 b,2.35,8.0,15.38857,,95.0,Transit,K2-222
K2-222 b,2.1,,15.386796,,,Transit,K2-222
K2-222 b,2.35,8.7,15.38857,0.1206,96.0,Transit,K2-222
K2-222 b,2.22325951,,15.388825,,,Transit,K2-222
K2-214 b,2.21567504,,8.596531,,,Transit,K2-214
K2-214 b,2.5,,8.596724,,,Transit,K2-214
K2-214 b,2.43,,8.596802,0.0834,,Transit,K2-214
K2-214 b,2.6,,8.59627,,,Transit,K2-214
K2-214 b,2.51,,8.59656,,238.0,Transit,K2-214
K2-220 b,2.62,,13.68275,,,Transit,K2-220
K2-220 b,2.37,,13.68186,,79.7,Transit,K2-220
K2-220 b,2.3,,13.683038,,,Transit,K2-220
K2-220 b,2.21473364,,13.682511,,,Transit,K2-220
K2-220 b,2.39,,13.683256,0.1104,,Transit,K2-220
K2-216 b,1.75,8.0,2.1748,0.028,248.0,Transit,K2-216
K2-216 b,1.79105,,2.1747824,,174.942,Transit,K2-216
K2-216 b,1.67844825,,2.174789,,,Transit,K2-216
K2-216 b,1.63,,2.174829,,,Transit,K2-216
K2-216 b,1.63,,2.174782,0.0298,,Transit,K2-216
K2-216 b,1.7,,2.174769,,,Transit,K2-216
K2-216 b,1.66,6.1,2.174789,,207.0,Transit,K2-216
K2-212 b,2.39257704,,9.7954,,,Transit,K2-212
K2-212 b,2.65,,9.795647,,,Transit,K2-212
K2-212 b,2.6,,9.795546,,,Transit,K2-212
K2-212 b,2.82375991,,9.79565352601,,21.964,Transit,K2-212
K2-212 b,2.52,,9.79551,0.0785,,Transit,K2-212
K2-212 b,2.57,,9.79546,,,Transit,K2-212
Kepler-166 c,,,34.2595411222,,,Transit,Kepler-166
Kepler-166 c,2.7,,34.26062,0.198,,Transit,Kepler-166
Kepler-166 c,2.38,,34.260281,0.195,,Transit,Kepler-166
Kepler-166 c,2.73,,34.25951372,,,Transit,Kepler-166
Kepler-166 c,2.49,,34.25951372,0.1931,11.87,Transit,Kepler-166
Kepler-166 c,2.49,,34.25951372,0.1931,11.87,Transit,Kepler-166
Kepler-166 c,2.523,,,,10.507,Transit,Kepler-166
Kepler-166 c,,,34.25951418,,,Transit,Kepler-166
Kepler-166 c,2.41,,34.25951418,0.1937,11.36,Transit,Kepler-166
Kepler-166 c,,,34.25955106,,,Transit,Kepler-166
Kepler-166 c,2.532,,34.25951372,0.19263,10.3,Transit,Kepler-166
Kepler-166 c,2.49,,34.25951372,0.1931,11.87,Transit,Kepler-166
K2-151 b,1.49,,3.835476,0.0373,,Transit,K2-151
K2-151 b,1.35,,3.835592,0.0365,20.8,Transit,K2-151
K2-151 b,1.5,,3.835376,,,Transit,K2-151
K2-151 b,1.054,,3.83553,,,Transit,K2-151
K2-295 b,11.6786,,4.0248735,,97.8595,Transit,K2-295
K2-295 b,10.054473,106.47305,4.024867,0.0451,,Transit,K2-295
K2-295 b,9.56,,4.0248883,,,Transit,K2-295
K2-295 b,,,4.02488968,,,Transit,K2-295
K2-295 b,10.3,,4.024881,,,Transit,K2-295
K2-282 b,2.82,,4.169836,0.0499,,Transit,K2-282
K2-282 b,2.5,,4.169783,,,Transit,K2-282
K2-282 b,3.19,,4.17032,,,Transit,K2-282
K2-282 b,2.7,,4.169746,,,Transit,K2-282
K2-283 b,3.23,,1.921111,,,Transit,K2-283
K2-283 b,3.52,,1.921036,0.0291,,Transit,K2-283
K2-283 b,3.8,,1.921076,,,Transit,K2-283
K2-281 b,8.18,,8.687721,0.0773,,Transit,K2-281
K2-281 b,8.1,,8.687708,,,Transit,K2-281
K2-281 b,7.36,,8.687812,,,Transit,K2-281
K2-387 b,8.22,,28.7342,,,Transit,K2-387
K2-387 b,4.0,,28.735998,,,Transit,K2-387
K2-387 b,7.322,,28.735327,,,Transit,K2-387
Kepler-197 b,,,5.59934848,,,Transit,Kepler-197
Kepler-197 b,1.15,,5.59931973,,,Transit,Kepler-197
Kepler-197 b,1.22,,5.59931543,0.0596,402.39,Transit,Kepler-197
Kepler-197 b,,,5.59931543,,,Transit,Kepler-197
Kepler-197 b,1.289,,,,431.256,Transit,Kepler-197
Kepler-197 b,1.18,,5.59935,0.059,,Transit,Kepler-197
Kepler-197 b,1.07,,5.59931973,0.0601,403.88,Transit,Kepler-197
Kepler-197 b,1.112,,5.59931973,0.0586170065,,Transit,Kepler-197
Kepler-197 b,1.02,,5.599308,0.06,,Transit,Kepler-197
Kepler-197 b,1.07,,5.59931973,0.0601,403.88,Transit,Kepler-197
Kepler-197 b,1.112,,5.59931973,0.05863,441.1,Transit,Kepler-197
Kepler-197 b,1.064,,5.599293,,,Transit,Kepler-197
Kepler-197 b,1.07,,5.59931973,0.0601,403.88,Transit,Kepler-197
K2-156 b,1.15,,0.81314,0.0149,,Transit,K2-156
K2-156 b,1.14414279,,0.813149,,,Transit,K2-156
K2-156 b,1.1,,0.813143,,,Transit,K2-156
K2-157 b,1.05548088,,0.365257,,,Transit,K2-157
K2-157 b,0.935,1.14,0.3652575,0.00962,6660.0,Transit,K2-157
K2-157 b,1.0,,0.365261,,,Transit,K2-157
K2-158 b,2.63456976,,10.062106,,,Transit,K2-158
K2-158 b,2.64,,10.06049,0.0887,,Transit,K2-158
K2-244 b,1.75,,21.06884,0.1418,,Transit,K2-244
K2-244 b,1.65007129,,21.070201,,,Transit,K2-244
Kepler-108 c,8.15,,190.3216564,0.7235,9.65,Transit,Kepler-108
Kepler-108 c,7.78,,190.3200468,0.6972,7.8,Transit,Kepler-108
Kepler-108 c,7.8,,190.3216564,,,Transit,Kepler-108
Kepler-108 c,3.4,,190.3134,0.622,,Transit,Kepler-108
Kepler-108 c,,,190.321800413,,,Transit,Kepler-108
Kepler-108 c,8.15,,190.3216564,0.7235,9.65,Transit,Kepler-108
Kepler-108 c,,,190.3200468,,,Transit,Kepler-108
Kepler-108 c,8.18,,190.323494,0.721,,Transit,Kepler-108
Kepler-108 c,,,190.32084285,,,Transit,Kepler-108
Kepler-108 c,8.23,,190.3214,,,Transit,Kepler-108
Kepler-108 c,8.15,,190.3216564,0.7235,9.65,Transit,Kepler-108
K2-159 b,2.20753881,,12.421078,,,Transit,K2-159
K2-159 b,2.26,,12.42205,0.1013,,Transit,K2-159
K2-160 b,3.17824034,,3.705871,,,Transit,K2-160
K2-161 b,6.11721229,,9.283188,,,Transit,K2-161
K2-162 b,1.44,,9.45889,0.0795,,Transit,K2-162
K2-162 b,1.48630496,,9.457747,,,Transit,K2-162
K2-163 b,2.46610713,,6.673117,,,Transit,K2-163
K2-165 b,1.27443657,,2.354992,,,Transit,K2-165
K2-165 c,1.55409035,,4.382745,,,Transit,K2-165
K2-165 d,2.64809498,,14.101361,,,Transit,K2-165
K2-165 d,3.19087767,,14.06660140645,,37.0819,Transit,K2-165
Kepler-477 b,1.84,,11.11990653,0.0869,38.71,Transit,Kepler-477
Kepler-477 b,,,11.1199158048,,,Transit,Kepler-477
Kepler-477 b,1.84,,11.11990653,0.0869,38.71,Transit,Kepler-477
Kepler-477 b,,,11.1199028,,,Transit,Kepler-477
Kepler-477 b,1.84,,11.11990653,0.0869,38.71,Transit,Kepler-477
Kepler-477 b,2.07,,11.11990653,,,Transit,Kepler-477
Kepler-477 b,2.08,,11.1199028,0.0911,42.07,Transit,Kepler-477
Kepler-477 b,2.2,,11.119888,0.09,,Transit,Kepler-477
Kepler-108 b,,,49.18394185,,,Transit,Kepler-108
Kepler-108 b,8.2,,49.18394185,0.2829,47.4,Transit,Kepler-108
Kepler-108 b,9.56,,49.18354,,,Transit,Kepler-108
Kepler-108 b,8.65,,49.183921,0.292,,Transit,Kepler-108
Kepler-108 b,3.9,,49.18431,0.252,,Transit,Kepler-108
Kepler-108 b,8.97,,49.18394922,0.2935,58.63,Transit,Kepler-108
Kepler-108 b,8.97,,49.18394922,0.2935,58.63,Transit,Kepler-108
Kepler-108 b,8.53,,49.18394922,,,Transit,Kepler-108
Kepler-108 b,8.97,,49.18394922,0.2935,58.63,Transit,Kepler-108
Kepler-108 b,,,49.18395775,,,Transit,Kepler-108
EPIC 201595106 b,1.565,7.67,0.87724,0.0177,2852.0,Transit,EPIC 201595106
EPIC 201595106 b,1.3,,0.877214,,,Transit,EPIC 201595106
EPIC 201595106 b,1.2,,0.87703,,,Transit,EPIC 201595106
EPIC 201595106 b,1.40575209,,0.877183,,,Transit,EPIC 201595106
K2-166 b,2.19,,8.52695,0.0858,,Transit,K2-166
K2-166 b,1.82322896,,8.527219,,,Transit,K2-166
K2-175 b,2.03803688,,9.525988,,,Transit,K2-175
K2-176 b,1.49090097,,5.329439,,,Transit,K2-176
K2-176 b,1.55,,5.32944,,,Transit,K2-176
K2-177 b,2.1162048,,14.155185,,,Transit,K2-177
K2-178 b,3.83,,8.74809,,,Transit,K2-178
K2-178 b,3.55790985,,8.747818,,,Transit,K2-178
K2-178 b,3.54381082,,8.75470797754,,117.826,Transit,K2-178
Kepler-9 d,1.48,,1.59295975,0.027,1251.43,Transit,Kepler-9
Kepler-9 d,1.48,,1.59295975,0.027,1251.43,Transit,Kepler-9
Kepler-9 d,1.64,,1.592851,0.0273,,Transit,Kepler-9
Kepler-9 d,1.67,,1.5929716,0.027,,Transit,Kepler-9
Kepler-9 d,,,1.59295975,,,Transit,Kepler-9
Kepler-9 d,1.507,,1.59295975,0.02691,1310.1,Transit,Kepler-9
Kepler-9 d,1.507,8.41466053,1.59295975,0.0269056221,,Transit,Kepler-9
Kepler-9 d,1.527,,,,1339.658,Transit,Kepler-9
K2-183 b,1.1,,0.469285,,,Transit,K2-183
K2-183 b,2.59929571,,0.469269,,,Transit,K2-183
K2-183 b,1.46,,0.469287,,,Transit,K2-183
K2-185 b,1.31284773,,10.616646,,,Transit,K2-185
K2-185 b,1.19,,10.6161,,,Transit,K2-185
K2-185 b,1.15,,10.616384,,,Transit,K2-185
K2-185 c,2.79551948,,52.714072,,,Transit,K2-185
K2-185 c,2.39,,52.713494,,,Transit,K2-185
K2-185 c,2.48,,52.7099,,,Transit,K2-185
K2-263 b,2.16538589,,50.819331,,,Transit,K2-263
K2-263 b,2.41,14.9,50.818947,0.2573,8.17,Transit,K2-263
K2-263 b,2.41,14.8,50.818947,0.2573,,Transit,K2-263
K2-263 b,2.18,,50.8213,,,Transit,K2-263
K2-186 b,3.45,,41.4661,,,Transit,K2-186
K2-186 b,3.17207779,,41.474219,,,Transit,K2-186
K2-341 b,3.21,,36.552551,,,Transit,K2-341
K2-341 b,3.18,,36.5563,,,Transit,K2-341
K2-341 b,2.96787013,,36.556251,,,Transit,K2-341
K2-187 b,1.3,,0.77392,0.0164,,Transit,K2-187
K2-187 b,1.5,,0.773987,,,Transit,K2-187
K2-187 b,1.2,,0.77401,,,Transit,K2-187
K2-187 b,1.3833597,,0.773981,,,Transit,K2-187
K2-188 b,1.35,,1.742169,0.0289,,Transit,K2-188
K2-188 b,1.25908622,,1.742983,,,Transit,K2-188
K2-189 b,1.51234354,,5.1763,,,Transit,K2-189
K2-189 b,1.52,,2.588309,0.0361,,Transit,K2-189
K2-189 b,1.403,,2.58812,,497.0,Transit,K2-189
K2-189 b,1.587,,2.58819,,,Transit,K2-189
K2-190 c,1.09308317,,21.574023,,,Transit,K2-190
K2-195 c,2.68,,28.4707,,,Transit,K2-195
K2-195 c,2.57581891,,28.482786,,,Transit,K2-195
K2-196 b,3.59970536,,48.324222,,,Transit,K2-196
Kepler-42 b,0.962,,,,24.541,Transit,Kepler-42
Kepler-42 b,,,1.213770423,,,Transit,Kepler-42
Kepler-42 b,1.24,,1.213770222,,,Transit,Kepler-42
Kepler-42 b,0.76,,1.2137706,,,Transit,Kepler-42
Kepler-42 b,0.912,,,,22.388,Transit,Kepler-42
Kepler-42 b,0.78,,1.2137672,0.0116,,Transit,Kepler-42
Kepler-42 b,0.92,,1.21377206,0.01153,,Transit,Kepler-42
Kepler-42 b,0.87,,1.213770222,0.0113,17.95,Transit,Kepler-42
Kepler-42 b,,0.705944,1.21377042,,,Transit,Kepler-42
Kepler-42 b,3.46,,1.2137703,0.019,,Transit,Kepler-42
Kepler-42 b,0.87,,1.213770222,0.0113,17.95,Transit,Kepler-42
Kepler-42 b,0.78,,1.213770423,0.0113,18.03,Transit,Kepler-42
Kepler-42 b,0.87,,1.213770222,0.0113,17.95,Transit,Kepler-42
K2-201 b,1.47,,1.059806,,,Transit,K2-201
K2-201 b,1.40006712,,1.05979,,,Transit,K2-201
K2-201 c,3.39,,22.7768,,,Transit,K2-201
K2-201 c,3.28568401,,22.779878,,,Transit,K2-201
K2-202 b,2.30165603,,3.405164,,,Transit,K2-202
K2-202 b,2.31,,3.405087,,,Transit,K2-202
K2-381 b,1.08322371,,7.939256,,,Transit,K2-381
K2-381 b,0.94,,7.9388,,,Transit,K2-381
K2-381 b,1.075,,7.9389334,,,Transit,K2-381
K2-381 d,1.48,,26.8054,,,Transit,K2-381
K2-381 d,1.53157981,,26.804998,,,Transit,K2-381
K2-381 d,1.689,,26.803023,,,Transit,K2-381
K2-382 b,2.072,,21.700156,,,Transit,K2-382
K2-382 b,2.38,,21.7,,,Transit,K2-382
K2-382 b,2.77059123,,21.697619,,,Transit,K2-382
K2-383 b,1.75,,1.866025,,,Transit,K2-383
K2-383 b,1.85861238,,1.865979,,,Transit,K2-383
K2-383 b,1.564,,1.865962,,,Transit,K2-383
K2-203 b,1.37,,9.6897,,,Transit,K2-203
K2-203 b,1.37068602,,9.695101,,,Transit,K2-203
K2-203 b,1.26549392,,9.6952,0.0824,,Transit,K2-203
K2-204 b,3.04584393,,7.055784,,,Transit,K2-204
K2-204 b,3.17214154,,7.055908,0.0738,,Transit,K2-204
K2-204 b,2.76,,7.05647,,,Transit,K2-204
K2-205 b,2.209,,26.682,,,Transit,K2-205
K2-205 b,1.99552771,,26.672263,,,Transit,K2-205
K2-206 b,2.79522879,,18.294549,,,Transit,K2-206
K2-207 b,2.60585269,,12.48749,,,Transit,K2-207
K2-207 b,3.59,,12.4904,,,Transit,K2-207
K2-208 b,1.67866113,,4.190948,,,Transit,K2-208
K2-208 b,1.67462172,,4.19097,0.04878,,Transit,K2-208
K2-208 b,1.75,,4.19121,,,Transit,K2-208
K2-209 b,0.86850263,,2.080615,,,Transit,K2-209
K2-210 b,0.81864346,,0.570233,,,Transit,K2-210
K2-210 b,0.86,,0.57023,,,Transit,K2-210
K2-211 b,1.3,,0.669532,,,Transit,K2-211
K2-211 b,1.33162691,,0.669561,0.01419,,Transit,K2-211
K2-211 b,1.44,,0.669573,,,Transit,K2-211
K2-211 b,1.37466396,,0.669558,,,Transit,K2-211
K2-213 b,1.51398464,,8.13087,,,Transit,K2-213
K2-215 b,2.12381238,,8.269648,,,Transit,K2-215
K2-215 b,2.63,,8.26947,,,Transit,K2-215
K2-217 b,3.36,,14.0721,,,Transit,K2-217
K2-217 b,3.57854073,,14.074524,,,Transit,K2-217
K2-218 b,2.56948149,,8.679885,,,Transit,K2-218
K2-218 b,2.79,,8.68055,,,Transit,K2-218
K2-219 b,1.34762583,,3.901287,,,Transit,K2-219
K2-219 b,1.47,,3.9009,,,Transit,K2-219
K2-219 c,1.43839723,,6.66767,,,Transit,K2-219
K2-219 c,1.66,,6.6674,,,Transit,K2-219
K2-219 d,2.57634456,,11.137278,,,Transit,K2-219
K2-219 d,2.84,,11.13878,,,Transit,K2-219
K2-221 b,1.67890272,,2.399094,,,Transit,K2-221
K2-221 b,1.98,,2.398982,,,Transit,K2-221
K2-223 b,0.89,,0.50565,0.0127,,Transit,K2-223
K2-223 b,0.90973766,,0.50557,,,Transit,K2-223
K2-223 b,0.89,,0.50557,,,Transit,K2-223
K2-223 c,1.5,,4.562546,,,Transit,K2-223
K2-223 c,1.6195921,,4.564169,,,Transit,K2-223
K2-223 c,1.57,,4.56327,0.0549,,Transit,K2-223
K2-224 b,1.56,,4.47904,0.0516,,Transit,K2-224
K2-224 b,1.66378993,,4.478591,,,Transit,K2-224
K2-224 c,2.5054075,,10.09607,,,Transit,K2-224
K2-224 c,2.41,,10.09489,0.0886,,Transit,K2-224
K2-225 b,3.49,,15.87209,0.134,,Transit,K2-225
K2-225 b,2.66099554,,15.871455,,,Transit,K2-225
K2-225 b,3.60929179,,15.8723,0.1409,,Transit,K2-225
K2-226 b,1.48696454,,3.271106,,,Transit,K2-226
K2-226 b,1.54,,3.27108,0.0413,,Transit,K2-226
K2-226 b,1.53899305,,3.27109,0.04095,,Transit,K2-226
K2-227 b,1.66551298,,13.621832,,,Transit,K2-227
K2-228 b,1.21,,2.69828,0.0338,,Transit,K2-228
K2-228 b,1.38434336,,2.698368,,,Transit,K2-228
K2-229 b,1.26,2.55,0.584272,,2290.0,Transit,K2-229
K2-229 b,1.0,,0.584216,,,Transit,K2-229
K2-229 b,1.164,2.59,0.584249,0.012888,,Transit,K2-229
K2-229 b,1.2547759,,0.58424,,,Transit,K2-229
K2-229 b,1.197,2.49,0.584,,,Transit,K2-229
K2-229 b,1.14,,0.58426,0.0131,,Transit,K2-229
K2-229 c,2.16480482,,8.32801,,,Transit,K2-229
K2-229 c,2.12,21.3,8.32834,0.07577,,Transit,K2-229
K2-229 c,2.03,,8.32727,0.0769,,Transit,K2-229
K2-229 c,2.04,7.0,8.3262,,66.0,Transit,K2-229
K2-230 b,1.93420564,,2.860636,,,Transit,K2-230
K2-230 b,1.96,,2.86041,0.0409,,Transit,K2-230
EPIC 229004835 b,2.332,10.4,16.141132,0.1237,69.7,Transit,EPIC 229004835
EPIC 229004835 b,2.02,,16.13655,,,Transit,EPIC 229004835
EPIC 229004835 b,2.18,19.3,16.1388,,68.9,Transit,EPIC 229004835
EPIC 229004835 b,2.05969274,,16.140442,,,Transit,EPIC 229004835
K2-259 b,2.32,,15.48043,0.1271,,Transit,K2-259
K2-259 b,2.09663798,,15.482399,,,Transit,K2-259
K2-80 d,2.55211506,,28.867253,,,Transit,K2-80
K2-80 d,2.39,,28.8819,,,Transit,K2-80
EPIC 228836835 b,1.1,,0.728113,,,Transit,EPIC 228836835
EPIC 228836835 b,1.27,,0.72813,,,Transit,EPIC 228836835
K2-331 c,2.5,,22.99592,,,Transit,K2-331
K2-331 c,2.72,,22.996591,,,Transit,K2-331
K2-333 b,,,14.759859,,,Transit,K2-333
K2-333 b,6.18,,14.759287,,,Transit,K2-333
K2-333 b,5.3,,14.759595,,,Transit,K2-333
K2-333 b,5.7395617,,14.75650149447,,102.1266,Transit,K2-333
K2-334 b,5.67086336,,5.11383503556,,832.2294,Transit,K2-334
K2-334 b,5.0,,5.113823,,,Transit,K2-334
K2-334 b,5.65,,5.113981,,,Transit,K2-334
K2-334 b,,,5.1138428,,,Transit,K2-334
K2-342 b,2.03,,11.561052,,,Transit,K2-342
K2-342 b,2.4,,11.561514,,,Transit,K2-342
K2-343 c,2.44,,7.67689,,,Transit,K2-343
K2-343 c,2.3,,7.676984,,,Transit,K2-343
K2-343 c,2.02,,7.676972,,,Transit,K2-343
K2-344 b,1.9149,,3.3557219,,37.2966,Transit,K2-344
K2-344 b,1.59,,3.35585,,,Transit,K2-344
K2-344 b,1.6,,3.355854,,,Transit,K2-344
K2-348 b,3.8,,4.688625,,,Transit,K2-348
K2-348 b,3.36071,,4.6886342,,133.083,Transit,K2-348
K2-348 b,3.26,,4.688418,,,Transit,K2-348
K2-348 c,2.6,,12.550896,,,Transit,K2-348
K2-348 c,2.67,,12.550171,,,Transit,K2-348
K2-352 c,1.92,,8.234885,,,Transit,K2-352
K2-352 c,2.0,,8.236486,,,Transit,K2-352
K2-352 d,4.4,,14.869943,,,Transit,K2-352
K2-352 d,2.23,,14.871387,,,Transit,K2-352
G 9-40 b,,,5.7459996,,,Transit,G 9-40
G 9-40 b,2.025,11.7,5.746007,0.0385,7.2,Transit,G 9-40
G 9-40 b,,,5.745912,,,Transit,G 9-40
G 9-40 b,1.9,4.0,5.7459982,0.0418,6.27,Transit,G 9-40
G 9-40 b,2.06081,,5.7459945,,3.9983,Transit,G 9-40
HD 80653 b,,,0.719597,,,Transit,HD 80653
HD 80653 b,1.613,5.72,0.719573,0.01661,6130.0,Transit,HD 80653
HD 80653 b,1.61084174,,0.71957120984,,6635.8567,Transit,HD 80653
HD 80653 b,1.613,5.6,0.719573,0.0166,,Transit,HD 80653
Kepler-21 b,1.639,5.08,2.78578,0.0427172,,Transit,Kepler-21
Kepler-21 b,1.59,,2.785821693,0.0427,2399.4,Transit,Kepler-21
Kepler-21 b,,,2.785821236,,,Transit,Kepler-21
Kepler-21 b,1.59,,2.785821693,0.0427,2399.4,Transit,Kepler-21
Kepler-21 b,1.894,,,,3021.187,Transit,Kepler-21
Kepler-21 b,,,2.78581504,,,Transit,Kepler-21
Kepler-21 b,1.59,,2.785821693,0.0427,2399.4,Transit,Kepler-21
Kepler-21 b,1.6354,10.4,2.785755,0.042507,,Transit,Kepler-21
Kepler-21 b,1.654,,2.785821693,0.04171,2871.7,Transit,Kepler-21
Kepler-21 b,1.57,,2.785821693,,,Transit,Kepler-21
Kepler-21 b,1.72,,2.785819,0.043,,Transit,Kepler-21
Kepler-21 b,1.639,7.5,2.7858212,0.0434,2749.0,Transit,Kepler-21
Kepler-21 b,1.69,,2.785821236,0.0408,2388.98,Transit,Kepler-21
Kepler-8 b,14.83,,3.522498573,0.0473,1264.67,Transit,Kepler-8
Kepler-8 b,15.31,,3.522498573,,,Transit,Kepler-8
Kepler-8 b,15.9,,3.52249913,0.047,,Transit,Kepler-8
Kepler-8 b,15.905571,177.9848,3.52249905,0.04835,,Transit,Kepler-8
Kepler-8 b,15.479629,187.5197,3.5225047,0.0485,,Transit,Kepler-8
Kepler-8 b,15.90148318,,3.522475097,,1423.8679,Transit,Kepler-8
Kepler-8 b,15.906,191.643,3.52254,0.0483,,Transit,Kepler-8
Kepler-8 b,,,3.522498429,,,Transit,Kepler-8
Kepler-8 b,,,3.52249865,,,Transit,Kepler-8
Kepler-8 b,14.83,,3.522498573,0.0473,1264.67,Transit,Kepler-8
Kepler-8 b,14.59,,3.522498429,0.0473,1264.67,Transit,Kepler-8
Kepler-8 b,15.704,,3.522498573,0.04742,1374.5,Transit,Kepler-8
Kepler-8 b,15.789,,,,1444.881,Transit,Kepler-8
Kepler-8 b,,,3.5224984671,,,Transit,Kepler-8
Kepler-8 b,14.83,,3.522498573,0.0473,1264.67,Transit,Kepler-8
Kepler-8 b,15.871944,187.5197,3.5224991,0.0474,,Transit,Kepler-8
KOI-984 b,2.78,,4.287455473,0.0516,234.19,Transit,KOI-984
KOI-984 b,,,4.28816271,,,Transit,KOI-984
KOI-984 b,3.19,,4.2873775,0.052,,Transit,KOI-984
KOI-984 b,2.78,,4.287455473,0.0516,234.19,Transit,KOI-984
KOI-984 b,,,4.2881785,0.0504,,Transit,KOI-984
KOI-984 b,4.3,,4.2881785,0.0504,,Transit,KOI-984
KOI-984 b,2.29,,4.28746668,0.0501,186.31,Transit,KOI-984
KOI-984 b,,,4.28746668,,,Transit,KOI-984
KOI-984 b,2.78,,4.287455473,0.0516,234.19,Transit,KOI-984
Kepler-505 b,2.53,,27.521732,0.146,,Transit,Kepler-505
Kepler-505 b,2.47,,27.52194772,0.1445,2.28,Transit,Kepler-505
Kepler-505 b,2.51,,27.52197994,0.1444,2.26,Transit,Kepler-505
Kepler-505 b,2.51,,27.52197994,0.1444,2.26,Transit,Kepler-505
Kepler-505 b,3.114,,,,3.641,Transit,Kepler-505
Kepler-505 b,,,27.5219767,,,Transit,Kepler-505
Kepler-505 b,2.6,,27.52197994,,,Transit,Kepler-505
Kepler-505 b,,,27.5219609912,,,Transit,Kepler-505
Kepler-505 b,2.51,,27.52197994,0.1444,2.26,Transit,Kepler-505
Kepler-505 b,,,27.52194772,,,Transit,Kepler-505
Kepler-745 b,1.92,,9.93143556,0.0908,109.11,Transit,Kepler-745
Kepler-745 b,1.92,,9.93143556,0.0908,109.11,Transit,Kepler-745
Kepler-745 b,,,9.93153577,,,Transit,Kepler-745
Kepler-745 b,2.41,,9.93146307,0.0915,177.83,Transit,Kepler-745
Kepler-745 b,,,9.9313455303,,,Transit,Kepler-745
Kepler-745 b,1.92,,9.93143556,0.0908,109.11,Transit,Kepler-745
Kepler-745 b,1.85,,9.93161,0.09,,Transit,Kepler-745
Kepler-745 b,,,9.93146307,,,Transit,Kepler-745
Kepler-745 b,3.052,,,,286.026,Transit,Kepler-745
Kepler-745 b,2.16,,9.93143556,,,Transit,Kepler-745
Kepler-262 c,1.75,,21.85362905,0.1515,34.57,Transit,Kepler-262
Kepler-262 c,1.69,,21.85347,0.152,,Transit,Kepler-262
Kepler-262 c,1.74,,21.8536791,0.1515,34.57,Transit,Kepler-262
Kepler-262 c,1.648,,,,25.26,Transit,Kepler-262
Kepler-262 c,1.624,,21.8536791,0.14297,27.7,Transit,Kepler-262
Kepler-262 c,1.74,,21.8536791,0.1515,34.57,Transit,Kepler-262
Kepler-262 c,1.74,,21.8536791,0.1515,34.57,Transit,Kepler-262
Kepler-262 c,2.06,,21.8536791,,,Transit,Kepler-262
Kepler-262 c,1.64,,21.853722,0.152,,Transit,Kepler-262
Kepler-262 c,,,21.85378912,,,Transit,Kepler-262
Kepler-262 c,,,21.85362905,,,Transit,Kepler-262
Kepler-262 c,,,21.8536302184,,,Transit,Kepler-262
Kepler-748 b,2.23,,7.40742793,0.0745,183.15,Transit,Kepler-748
Kepler-748 b,2.23,,7.40742793,0.0745,183.15,Transit,Kepler-748
Kepler-748 b,2.13,,7.40758,0.076,,Transit,Kepler-748
Kepler-748 b,2.23,,7.40742793,0.0745,183.15,Transit,Kepler-748
Kepler-748 b,3.112,,,,439.778,Transit,Kepler-748
Kepler-748 b,,,7.40742502,,,Transit,Kepler-748
Kepler-748 b,,,7.4073921378,,,Transit,Kepler-748
Kepler-748 b,2.01,,7.40742502,0.0745,183.15,Transit,Kepler-748
Kepler-748 b,2.52,,7.40742793,,,Transit,Kepler-748
Kepler-264 b,3.71,,40.8065333,0.2641,83.75,Transit,Kepler-264
Kepler-264 b,4.86,,40.8068494,0.2542,119.96,Transit,Kepler-264
Kepler-264 b,3.523,,,,79.478,Transit,Kepler-264
Kepler-264 b,,,40.80657815,,,Transit,Kepler-264
Kepler-264 b,,,40.8065333,,,Transit,Kepler-264
Kepler-264 b,4.8,,40.80686,0.258,,Transit,Kepler-264
Kepler-264 b,3.33,,40.806231,0.249,,Transit,Kepler-264
Kepler-264 b,4.86,,40.8068494,0.2542,119.96,Transit,Kepler-264
Kepler-264 b,3.978,,40.8068494,0.26122,78.5,Transit,Kepler-264
Kepler-264 b,4.19,,40.8068494,,,Transit,Kepler-264
Kepler-264 b,4.86,,40.8068494,0.2542,119.96,Transit,Kepler-264
Kepler-264 b,,,40.8092144034,,,Transit,Kepler-264
HD 73344 b,2.884,10.48,15.611,0.131,,Transit,HD 73344
HD 73344 b,2.90333467,,15.61136332661,,111.9729,Transit,HD 73344
HD 73344 b,,12.43,15.604,0.1296,,Transit,HD 73344
HD 73344 b,3.0,,15.613426,,,Transit,HD 73344
Kepler-1732 b,2.88,,32.3123975,0.2015,27.05,Transit,Kepler-1732
Kepler-1732 b,2.88,,32.3123975,0.2015,27.05,Transit,Kepler-1732
Kepler-1732 b,,,32.3122867,,,Transit,Kepler-1732
Kepler-1732 b,2.88,,32.3123975,0.2015,27.05,Transit,Kepler-1732
Kepler-1732 b,,,32.31253348,,,Transit,Kepler-1732
Kepler-1732 b,4.84,,32.3122867,0.2015,56.49,Transit,Kepler-1732
Kepler-1732 b,4.09903273,,32.31240082,,,Transit,Kepler-1732
Kepler-1732 b,3.0,,32.31153,0.2,,Transit,Kepler-1732
Kepler-263 b,2.67,,16.568087,0.12,,Transit,Kepler-263
Kepler-263 b,2.54,,16.56806842,0.1155,21.27,Transit,Kepler-263
Kepler-263 b,,,16.5682448062,,,Transit,Kepler-263
Kepler-263 b,2.583,,,,24.308,Transit,Kepler-263
Kepler-263 b,2.81,,16.56805949,0.1195,29.37,Transit,Kepler-263
Kepler-263 b,3.07,,16.56805949,,,Transit,Kepler-263
Kepler-263 b,,,16.56806842,,,Transit,Kepler-263
Kepler-263 b,2.66,,16.56806,0.118,,Transit,Kepler-263
Kepler-263 b,,,16.56808299,,,Transit,Kepler-263
Kepler-263 b,2.81,,16.56805949,0.1195,29.37,Transit,Kepler-263
Kepler-263 b,2.81,,16.56805949,0.1195,29.37,Transit,Kepler-263
Kepler-263 b,2.568,,16.56805949,0.1178,22.5,Transit,Kepler-263
Kepler-261 b,2.094,,,,45.779,Transit,Kepler-261
Kepler-261 b,2.18,,10.381227,0.088,,Transit,Kepler-261
Kepler-261 b,2.23,,10.38123451,0.0886,50.05,Transit,Kepler-261
Kepler-261 b,,,10.3812323295,,,Transit,Kepler-261
Kepler-261 b,2.161,,10.38123451,0.08772,45.1,Transit,Kepler-261
Kepler-261 b,,,10.38122447,,,Transit,Kepler-261
Kepler-261 b,2.21,,10.381209,0.089,,Transit,Kepler-261
Kepler-261 b,2.18,,10.38122447,0.0871,48.37,Transit,Kepler-261
Kepler-261 b,2.23,,10.38123451,0.0886,50.05,Transit,Kepler-261
Kepler-261 b,2.26,,10.38123451,,,Transit,Kepler-261
Kepler-261 b,,,10.38121981,,,Transit,Kepler-261
Kepler-261 b,2.23,,10.38123451,0.0886,50.05,Transit,Kepler-261
K2-368 d,1.948,,20.201085,,,Transit,K2-368
K2-368 d,1.89,,20.2009,,,Transit,K2-368
K2-368 c,1.361,,9.660186,,,Transit,K2-368
K2-368 c,1.38,,9.65869,,,Transit,K2-368
Kepler-1733 b,2.31,,9.22958009,0.0886,200.2,Transit,Kepler-1733
Kepler-1733 b,2.31,,9.22958009,0.0886,200.2,Transit,Kepler-1733
Kepler-1733 b,3.63582354,,9.229579926,,,Transit,Kepler-1733
Kepler-1733 b,,,9.22961384,,,Transit,Kepler-1733
Kepler-1733 b,2.79,,9.22961384,0.0933,257.11,Transit,Kepler-1733
Kepler-1733 b,2.31,,9.22958009,0.0886,200.2,Transit,Kepler-1733
Kepler-1733 b,2.36,,9.22969,0.091,,Transit,Kepler-1733
Kepler-754 b,2.04,,14.55916,0.117,,Transit,Kepler-754
Kepler-754 b,1.76,,14.5596237,0.116,78.26,Transit,Kepler-754
Kepler-754 b,1.64,,14.5598556,0.116,78.26,Transit,Kepler-754
Kepler-754 b,,,14.5598556,,,Transit,Kepler-754
Kepler-754 b,2.01,,14.5596237,,,Transit,Kepler-754
Kepler-754 b,2.727,,,,216.473,Transit,Kepler-754
Kepler-754 b,1.76,,14.5596237,0.116,78.26,Transit,Kepler-754
Kepler-754 b,1.76,,14.5596237,0.116,78.26,Transit,Kepler-754
K2-373 b,2.25,,11.0213,,,Transit,K2-373
K2-373 b,2.061,,11.02066,,,Transit,K2-373
Kepler-753 b,,,5.74771193,,,Transit,Kepler-753
Kepler-753 b,1.52,,5.747725012,0.0508,22.53,Transit,Kepler-753
Kepler-753 b,,,5.7477212388,,,Transit,Kepler-753
Kepler-753 b,1.76,,5.747719,0.053,,Transit,Kepler-753
Kepler-753 b,1.891,,,,41.674,Transit,Kepler-753
Kepler-753 b,1.91,,5.747725012,,,Transit,Kepler-753
Kepler-753 b,,,5.747711909,,,Transit,Kepler-753
Kepler-753 b,1.86,,5.747711909,0.054,40.07,Transit,Kepler-753
Kepler-753 b,1.52,,5.747725012,0.0508,22.53,Transit,Kepler-753
Kepler-753 b,1.52,,5.747725012,0.0508,22.53,Transit,Kepler-753
K2-339 b,1.92,,19.507428,,,Transit,K2-339
K2-339 b,2.11,,19.508,,,Transit,K2-339
Kepler-752 b,2.92,,18.82747265,0.1353,37.82,Transit,Kepler-752
Kepler-752 b,2.81,,18.82747265,,,Transit,Kepler-752
Kepler-752 b,2.92,,18.82747265,0.1353,37.82,Transit,Kepler-752
Kepler-752 b,2.92,,18.82747265,0.1353,37.82,Transit,Kepler-752
Kepler-752 b,2.6,,18.82729,0.135,,Transit,Kepler-752
Kepler-752 b,,,18.82744023,,,Transit,Kepler-752
Kepler-752 b,,,18.8276133925,,,Transit,Kepler-752
Kepler-752 b,2.953,,,,45.278,Transit,Kepler-752
Kepler-752 b,2.7,,18.82744023,0.1353,37.82,Transit,Kepler-752
Kepler-752 b,,,18.82756878,,,Transit,Kepler-752
K2-343 b,2.0,,2.78711,,,Transit,K2-343
K2-343 b,1.65,,2.787174,,,Transit,K2-343
Kepler-766 b,,,6.1002925931,,,Transit,Kepler-766
Kepler-766 b,2.59,,6.10027621,0.066,227.15,Transit,Kepler-766
Kepler-766 b,2.9,,6.100295,0.066,,Transit,Kepler-766
Kepler-766 b,2.8,,6.10027804,0.066,227.15,Transit,Kepler-766
Kepler-766 b,2.8,,6.10027804,0.066,227.15,Transit,Kepler-766
Kepler-766 b,,,6.10030088,,,Transit,Kepler-766
Kepler-766 b,2.8,,6.10027804,0.066,227.15,Transit,Kepler-766
Kepler-766 b,3.39,,6.10027804,,,Transit,Kepler-766
Kepler-766 b,,,6.10027621,,,Transit,Kepler-766
Kepler-771 b,,,8.7348752471,,,Transit,Kepler-771
Kepler-771 b,2.4,,,,339.296,Transit,Kepler-771
Kepler-771 b,1.59,,8.7348852,0.0843,148.62,Transit,Kepler-771
Kepler-771 b,1.62,,8.73477,0.083,,Transit,Kepler-771
Kepler-771 b,1.67,,8.73485836,0.0843,148.62,Transit,Kepler-771
Kepler-771 b,1.82,,8.73485836,,,Transit,Kepler-771
Kepler-771 b,1.67,,8.73485836,0.0843,148.62,Transit,Kepler-771
Kepler-771 b,1.67,,8.73485836,0.0843,148.62,Transit,Kepler-771
Kepler-771 b,,,8.7348852,,,Transit,Kepler-771
EPIC 212624936 c,2.67,,11.81387,,,Transit,EPIC 212624936
EPIC 212624936 c,2.3,,11.811437,,,Transit,EPIC 212624936
Kepler-773 b,1.52,,3.749100061,0.0465,555.66,Transit,Kepler-773
Kepler-773 b,1.52,,3.749100061,0.0465,555.66,Transit,Kepler-773
Kepler-773 b,,,3.7490924547,,,Transit,Kepler-773
Kepler-773 b,1.43,,3.749100061,,,Transit,Kepler-773
Kepler-773 b,,,3.74907923,,,Transit,Kepler-773
Kepler-773 b,1.809,,,,490.707,Transit,Kepler-773
Kepler-773 b,1.57,,3.749103,0.047,,Transit,Kepler-773
Kepler-773 b,1.52,,3.749100061,0.0465,555.66,Transit,Kepler-773
Kepler-773 b,,,3.749105745,,,Transit,Kepler-773
Kepler-773 b,1.425,,3.749100061,0.04682,482.5,Transit,Kepler-773
Kepler-773 b,1.68,,3.749105745,0.047,428.25,Transit,Kepler-773
K2-379 b,2.181,,8.777247,,,Transit,K2-379
K2-379 b,2.27,,8.7783,,,Transit,K2-379
K2-380 b,1.96,,9.40172,,,Transit,K2-380
K2-380 b,2.729,,9.401312,,,Transit,K2-380
Kepler-767 b,6.64,,161.5280101,,,Transit,Kepler-767
Kepler-767 b,6.15,,161.5280101,0.5733,2.43,Transit,Kepler-767
Kepler-767 b,12.134,,,,9.365,Transit,Kepler-767
Kepler-767 b,,,161.5278347,,,Transit,Kepler-767
Kepler-767 b,6.15,,161.5280101,0.5733,2.43,Transit,Kepler-767
Kepler-767 b,8.19,,161.5278347,0.5874,4.25,Transit,Kepler-767
Kepler-767 b,,,161.52811673,,,Transit,Kepler-767
Kepler-767 b,6.15,,161.5280101,0.5733,2.43,Transit,Kepler-767
Kepler-767 b,6.1,,161.5266,0.581,,Transit,Kepler-767
Kepler-260 b,2.108,,,,132.134,Transit,Kepler-260
Kepler-260 b,,,8.18740532,,,Transit,Kepler-260
Kepler-260 b,,,8.187369804,,,Transit,Kepler-260
Kepler-260 b,,,8.18739443,,,Transit,Kepler-260
Kepler-260 b,2.04,,8.18746,0.077,,Transit,Kepler-260
Kepler-260 b,2.09,,8.1874109,0.0776,95.73,Transit,Kepler-260
Kepler-260 b,2.09,,8.1874109,0.0776,95.73,Transit,Kepler-260
Kepler-260 b,2.21,,8.1874109,,,Transit,Kepler-260
Kepler-260 b,2.303,,8.1874109,0.07988,111.4,Transit,Kepler-260
Kepler-260 b,2.01,,8.187399,0.075,,Transit,Kepler-260
Kepler-260 b,2.09,,8.1874109,0.0776,95.73,Transit,Kepler-260
Kepler-260 b,1.92,,8.18739443,0.0745,88.36,Transit,Kepler-260
Kepler-268 b,2.55,,25.934138,0.18,,Transit,Kepler-268
Kepler-268 b,2.9,,25.93416,0.179,,Transit,Kepler-268
Kepler-268 b,2.581,,25.9340674,0.1776,60.6,Transit,Kepler-268
Kepler-268 b,2.35,,25.9340674,0.176,59.04,Transit,Kepler-268
Kepler-268 b,2.35,,25.9340674,0.176,59.04,Transit,Kepler-268
Kepler-268 b,2.52,,25.9340674,,,Transit,Kepler-268
Kepler-268 b,,,25.93399995,,,Transit,Kepler-268
Kepler-268 b,2.35,,25.9340674,0.176,59.04,Transit,Kepler-268
Kepler-268 b,,,25.93406406,,,Transit,Kepler-268
Kepler-268 b,2.48,,25.93406406,0.1749,55.1,Transit,Kepler-268
Kepler-268 b,,,25.9342243844,,,Transit,Kepler-268
Kepler-268 b,2.564,,,,64.933,Transit,Kepler-268
K2-384 f,1.78,,13.62757,,,Transit,K2-384
K2-384 f,,,13.6274,,,Transit,K2-384
K2-384 f,2.222,,13.62749,,,Transit,K2-384
K2-384 d,1.392,,6.679582,,,Transit,K2-384
K2-384 d,1.1,,6.6791,,,Transit,K2-384
K2-384 c,1.05,,4.19525,,,Transit,K2-384
K2-384 c,1.191,,4.194766,,,Transit,K2-384
K2-384 e,1.345,,9.715043,,,Transit,K2-384
K2-384 e,1.14,,9.71601,,,Transit,K2-384
K2-385 b,1.539,,2.380867,,,Transit,K2-385
K2-385 b,1.72,,2.38098,,,Transit,K2-385
Kepler-1736 b,2.44,,37.8101174,0.2188,24.27,Transit,Kepler-1736
Kepler-1736 b,,,37.8102649,,,Transit,Kepler-1736
Kepler-1736 b,2.33,,37.8102649,0.2188,24.27,Transit,Kepler-1736
Kepler-1736 b,3.8765856,,37.81029892,,,Transit,Kepler-1736
Kepler-1736 b,,,37.80994353,,,Transit,Kepler-1736
Kepler-1736 b,2.14,,37.81062,0.225,,Transit,Kepler-1736
Kepler-1736 b,2.44,,37.8101174,0.2188,24.27,Transit,Kepler-1736
Kepler-1736 b,2.44,,37.8101174,0.2188,24.27,Transit,Kepler-1736
K2-386 b,2.74,,7.47331,,,Transit,K2-386
K2-386 b,,,7.47372,,,Transit,K2-386
K2-386 b,2.32,,7.473223,,,Transit,K2-386
Kepler-774 b,2.2,,11.08942,0.107,,Transit,Kepler-774
Kepler-774 b,2.49,,11.0895723,0.1068,497.11,Transit,Kepler-774
Kepler-774 b,2.49,,11.0895723,0.1068,497.11,Transit,Kepler-774
Kepler-774 b,2.49,,11.0895723,0.1068,497.11,Transit,Kepler-774
Kepler-774 b,2.277,,,,451.177,Transit,Kepler-774
Kepler-774 b,3.51,,11.08956602,0.1114,965.62,Transit,Kepler-774
Kepler-774 b,2.301,,11.0895723,0.1082,459.2,Transit,Kepler-774
Kepler-774 b,3.17,,11.0895723,,,Transit,Kepler-774
Kepler-774 b,,,11.08956602,,,Transit,Kepler-774
Kepler-774 b,,,11.08959512,,,Transit,Kepler-774
Kepler-774 b,,,11.0895066574,,,Transit,Kepler-774
Kepler-772 b,1.82,,12.99207337,,,Transit,Kepler-772
Kepler-772 b,1.96,,12.99207337,0.1056,126.29,Transit,Kepler-772
Kepler-772 b,1.96,,12.99207337,0.1056,126.29,Transit,Kepler-772
Kepler-772 b,2.13,,12.99178,0.105,,Transit,Kepler-772
Kepler-772 b,2.03,,12.99204853,0.1071,132.94,Transit,Kepler-772
Kepler-772 b,1.96,,12.99207337,0.1056,126.29,Transit,Kepler-772
Kepler-772 b,,,12.99202622,,,Transit,Kepler-772
Kepler-772 b,2.888,,12.99207337,0.11153,231.7,Transit,Kepler-772
Kepler-772 b,,,12.9920768985,,,Transit,Kepler-772
Kepler-772 b,,,12.99204853,,,Transit,Kepler-772
Kepler-772 b,2.98,,,,264.576,Transit,Kepler-772
K2-268 d,1.49,,4.528598,,,Transit,K2-268
K2-268 d,1.85,,4.52905,,,Transit,K2-268
K2-268 f,2.23,,26.27057,,,Transit,K2-268
K2-268 f,2.6,,26.2678,,,Transit,K2-268
K2-268 e,1.33,,6.131243,,,Transit,K2-268
K2-268 e,1.72,,6.13174,,,Transit,K2-268
K2-393 b,,,10.41144,,,Transit,K2-393
K2-393 b,2.352,,10.413181,,,Transit,K2-393
K2-394 b,1.692,,5.095717,,,Transit,K2-394
K2-394 b,,,5.09582,,,Transit,K2-394
K2-394 b,1.92318,,5.0957983,,28.5068,Transit,K2-394
Kepler-119 b,4.283,,,,745.285,Transit,Kepler-119
Kepler-119 b,,,2.422084188,,,Transit,Kepler-119
Kepler-119 b,4.48,,2.422084448,,,Transit,Kepler-119
Kepler-119 b,3.6,,2.422084448,0.0343,513.44,Transit,Kepler-119
Kepler-119 b,3.62,,2.4220796,0.034,,Transit,Kepler-119
Kepler-119 b,,,2.42208458,,,Transit,Kepler-119
Kepler-119 b,,,2.422083585,,,Transit,Kepler-119
Kepler-119 b,3.6,,2.422082,0.035,,Transit,Kepler-119
Kepler-119 b,3.55,,2.422084188,0.0344,511.66,Transit,Kepler-119
Kepler-119 b,3.6,,2.422084448,0.0343,513.44,Transit,Kepler-119
Kepler-119 b,3.6,,2.422084448,0.0343,513.44,Transit,Kepler-119
11 UMi b,,3337.07,516.22,1.54,,Radial Velocity,11 UMi
11 UMi b,,3432.4,,1.51,,Radial Velocity,11 UMi
11 UMi b,,4684.8142,516.21997,1.53,,Radial Velocity,11 UMi
14 And b,,1017.0,,0.68,,Radial Velocity,14 And
14 And b,,1131.15130051,186.76,0.775,,Radial Velocity,14 And
14 And b,,1525.5,185.84,0.83,,Radial Velocity,14 And
14 Her b,,2828.6728223,,2.839,,Radial Velocity,14 Her
14 Her b,,1506.45,1796.4,2.8,,Radial Velocity,14 Her
14 Her b,,1474.67,1773.4,2.77,,Radial Velocity,14 Her
14 Her b,,1554.12,1724.0,2.82,,Radial Velocity,14 Her
14 Her b,,1440.663,,2.73,,Radial Velocity,14 Her
14 Her b,,1541.46777395,1766.41,2.83,,Radial Velocity,14 Her
14 Her b,,1581.138,1766.0,2.864,,Radial Velocity,14 Her
14 Her b,,1481.0878,1773.40002,2.93,,Radial Velocity,14 Her
14 Her b,,2559.47216157,1765.0389,2.774,,Radial Velocity,14 Her
16 Cyg B b,,476.7,800.8,1.6,,Radial Velocity,16 Cyg B
16 Cyg B b,,556.83536906,799.45,1.676,,Radial Velocity,16 Cyg B
16 Cyg B b,,533.93,799.5,1.68,,Radial Velocity,16 Cyg B
16 Cyg B b,,533.93,799.5,1.68,,Radial Velocity,16 Cyg B
16 Cyg B b,,533.9544,798.5,1.681,,Radial Velocity,16 Cyg B
16 Cyg B b,,565.7374,798.5,1.66,,Radial Velocity,16 Cyg B
18 Del b,,2926.24614325,982.85,2.476,,Radial Velocity,18 Del
18 Del b,,3273.5,993.3,2.6,,Radial Velocity,18 Del
18 Del b,,3127.3,,2.54,,Radial Velocity,18 Del
1RXS J160929.1-210524 b,,3000.0,,330.0,,Imaging,1RXS J160929.1-210524
1RXS J160929.1-210524 b,18.647,2543.0,,330.0,,Imaging,1RXS J160929.1-210524
1RXS J160929.1-210524 b,,4000.0,,330.0,,Imaging,1RXS J160929.1-210524
1RXS J160929.1-210524 b,,3000.0,,330.0,,Imaging,1RXS J160929.1-210524
24 Sex b,,632.46,452.8,1.333,,Radial Velocity,24 Sex
24 Sex c,,273.32,883.0,2.08,,Radial Velocity,24 Sex
2MASS J12073346-3932539 b,,1271.0,,46.0,,Imaging,2MASS J12073346-3932539
2MASS J12073346-3932539 b,,1589.15,,55.0,,Imaging,2MASS J12073346-3932539
2MASS J12073346-3932539 b,15.69257298,1652.7077164,,,,Imaging,2MASS J12073346-3932539
2MASS J04414489+2301513 b,,2383.6,,15.0,,Imaging,2MASS J04414489+2301513
47 UMa b,,804.08,1078.0,2.1,,Radial Velocity,47 UMa
47 UMa b,,877.17,1100.8,2.11,,Radial Velocity,47 UMa
47 UMa b,,778.6835,1076.6,2.1,,Radial Velocity,47 UMa
47 UMa b,,792.0,1076.06,2.104,,Radial Velocity,47 UMa
47 UMa b,,774.86565627,1076.6,2.059,,Radial Velocity,47 UMa
47 UMa b,,826.32,1083.2,2.11,,Radial Velocity,47 UMa
47 UMa c,,171.621,2391.0,3.6,,Radial Velocity,47 UMa
47 UMa c,,425.87,7586.0,7.73,,Radial Velocity,47 UMa
47 UMa c,,164.0,2265.0,3.453,,Radial Velocity,47 UMa
47 UMa c,,157.96071828,2287.0,3.404,,Radial Velocity,47 UMa
47 UMa d,,521.22,14002.0,11.6,,Radial Velocity,47 UMa
47 UMa d,,479.92089457,19000.0,13.8,,Radial Velocity,47 UMa
4 UMa b,,2511.48007211,270.27,0.877,,Radial Velocity,4 UMa
4 UMa b,,2256.5,269.3,0.87,,Radial Velocity,4 UMa
Kepler-770 b,1.93,,18.92540274,0.1302,27.65,Transit,Kepler-770
Kepler-770 b,,,18.92549356,,,Transit,Kepler-770
Kepler-770 b,2.3,,18.92540274,,,Transit,Kepler-770
Kepler-770 b,,,18.92537246,,,Transit,Kepler-770
Kepler-770 b,1.93,,18.92540274,0.1302,27.65,Transit,Kepler-770
Kepler-770 b,1.93,,18.92540274,0.1302,27.65,Transit,Kepler-770
Kepler-770 b,13.92,,18.92537246,0.1694,443.58,Transit,Kepler-770
Kepler-770 b,2.4,,18.92532,0.135,,Transit,Kepler-770
Kepler-770 b,,,18.9254147562,,,Transit,Kepler-770
Kepler-770 b,3.481,,,,27.736,Transit,Kepler-770
51 Peg b,,147.47238085,4.2307969,0.05235,,Radial Velocity,51 Peg
51 Peg b,,150.009,4.230785,0.0527,,Radial Velocity,51 Peg
51 Peg b,,148.738,4.23077,0.052,,Radial Velocity,51 Peg
51 Peg b,,149.3801,4.2293,,,Radial Velocity,51 Peg
51 Peg b,,146.2018,4.231,0.052,,Radial Velocity,51 Peg
55 Cnc b,,266.9772,14.653,0.115,,Radial Velocity,55 Cnc
55 Cnc b,,289.21,14.647,0.115,,Radial Velocity,55 Cnc
55 Cnc b,,249.17872,14.67,0.115,,Radial Velocity,55 Cnc
55 Cnc b,,263.9785,14.65152,0.11522725,,Radial Velocity,55 Cnc
55 Cnc b,,255.4,14.6516,0.1134,,Radial Velocity,55 Cnc
55 Cnc b,,261.881,14.65162,0.115,,Radial Velocity,55 Cnc
55 Cnc b,,240.0,14.651613,0.1102,,Radial Velocity,55 Cnc
55 Cnc b,,267.29369029,14.65171,0.1162,,Radial Velocity,55 Cnc
55 Cnc b,,266.9772,14.648,0.11,,Radial Velocity,55 Cnc
55 Cnc b,,276.0,14.651552,0.118,,Radial Velocity,55 Cnc
55 Cnc b,,254.25,14.6,0.113,,Radial Velocity,55 Cnc
55 Cnc b,,260.61,14.65126,0.1138,,Radial Velocity,55 Cnc
55 Cnc b,,254.25,14.651,0.1134,,Radial Velocity,55 Cnc
